{
  "name": "target-enhancements",
  "title": "Target Enhancements",
  "description": "Provides a number of enhancements for targetting",
  "version": "1.0.0",
  "author": "Eadorin",
  "type": "module",
  "includes": [
    "./assets/**",
    "./lang/**",
    "./scripts/**",
    "./styles/**",
    "./templates/**",
    "./module.json",
    "./README.md",
    "./icons/**",
    "./packs/**"
  ],
  "media": [
    {
      "type": "icon",
      "location": ""
    }, 
    {
      "type": "cover",
      "location": ""
    },
    {
      "type": "screenshot",
      "location": ""
    }
  ],
  "languages": [
    { 
      "lang": "en", 
      "name": "English", 
      "path": "lang/en.json" 
    }
  ],
  "scripts": [
  ],
  "esmodules": [
      "pixi-filters.js",
      "scripts/lib/colorsettings/colorSetting.js",
      "scripts/lib/colorsettings/lib/html2canvas.esm.min.js",
      "scripts/lib/colorsettings/lib/vanilla-picker.min.js",
      "scripts/lib/colorsettings/lib/vanilla-picker.min.mjs",
      "scripts/lib/pixi-filters.js",
      "scripts/helpers.js",
      "scripts/image-filter.js",
      "scripts/sprite-id.js",
      "scripts/TargetEnhancements.js",
      "scripts/TargetIndicator.js",
      "target-enhancements.js"
  ],
  "styles": [
      "styles/target-enhancements.css",
      "styles/lib/css/colorpicker.css" 
  ],
  "url": "https://github.com/p4535992/target-enhancements/tree/master",
  "manifest": "https://raw.githubusercontent.com/p4535992/target-enhancements/master/src/module.json",
  "download": "https://github.com/p4535992/target-enhancements/raw/master/target-enhancements.zip",
  "minimumCoreVersion": "0.7.6",
  "compatibleCoreVersion": "0.7.9",
  "changelog": "https:github.com/p4535992/target-enhancements/blob/v1.1/changelog.md"
}
